ASCAP Work ID,Work Title,Writer/Publisher,Performance Type,Credits,Domestic Amount,Foreign Amount
880147281,Midnight Dreams,DEMO SONGWRITER / DEMO PUB,Feature,2842,512.55,42.10
880147281,Midnight Dreams,DEMO SONGWRITER / DEMO PUB,Background,180,18.30,0.00
880248211,Electric Pulse,DEMO SONGWRITER / DEMO PUB,Feature,4101,894.18,118.42
880248211,Electric Pulse,DEMO SONGWRITER / DEMO PUB,Theme,42,12.02,0.00
880349020,Golden Hour,DEMO SONGWRITER / DEMO PUB,Feature,3208,692.71,55.05
880441440,City Lights,DEMO SONGWRITER / DEMO PUB,Feature,1855,422.61,0.00
880549904,Waves of Tomorrow,DEMO SONGWRITER / DEMO PUB,Feature,1003,279.88,8.32
880549904,Waves of Tomorrow,DEMO SONGWRITER / DEMO PUB,Background,55,4.32,0.00
880650100,Unmatched ASCAP Work,UNKNOWN WRITER,Feature,28,3.18,0.00
